,id,xcenter,ycenter,aperture_sum,aperture_sum_err,total_bkg,total_bkg_err,corrected_sum,corrected_sum_err,abs_magnitudes,abs_magnitudes_err
0,1,2842.618477414273,1901.2737683869589,6503631.390395868,2550.2218396150947,122914.22818711869,6528.293750326332,6380717.162208749,7008.726754682311,12.68320439072127,1.721472702762273e-10
1,2,1522.8663387304682,2150.972145604522,112764.61059862684,335.8044233517046,110975.56435204628,711.4495228225015,1789.0462465805613,786.7178873439551,21.563824208057795,0.0002457966108605013
2,3,3879.329341085198,2182.675160417813,117732.7885023712,343.1221190722646,111958.28125827656,795.8490933981628,5774.507244094639,866.6651995201601,20.29159079970062,2.599091069740079e-05
3,4,3094.961182022164,2221.0968742123114,114700.76189204394,338.67500956331867,111584.47311392927,839.258873267774,3116.288778114671,905.0172476043799,20.961283886536584,9.319260773608295e-05
4,5,2338.289356204766,1999.9351079939568,115222.78920105522,339.4448253115307,111815.03103684275,2524.782844813715,3407.7581642124715,2547.499009400477,20.864206208605875,0.00021936962352184922
5,6,3122.669152162401,2069.508859335275,225076.89285037608,474.4226942381147,111773.12481340281,805.794842907409,113303.76803697327,935.0840719765938,17.059767243391214,7.283866096739031e-08
6,7,2053.53037141608,2071.4753766593653,116193.79734771431,340.87211284663596,110986.83704770841,741.684244768446,5206.9603000059,816.265469228161,20.40391745983503,3.0106681756643052e-05
